<?xml version="1.0" encoding="UTF-8"?>
<project-private xmlns="http://www.netbeans.org/ns/project-private/1">
    <editor-bookmarks xmlns="http://www.netbeans.org/ns/editor-bookmarks/2" lastBookmarkId="0"/>
    <open-files xmlns="http://www.netbeans.org/ns/projectui-open-files/2">
        <group>
            <file>file:/Users/asus/Documents/Netbeans/CarDriver/src/cardriver/CarDriver.java</file>
            <file>file:/Users/asus/Documents/Netbeans/CarDriver/src/cardriver/User.java</file>
            <file>file:/Users/asus/Documents/Netbeans/CarDriver/src/cardriver/Car.java</file>
            <file>file:/Users/asus/Documents/Netbeans/CarDriver/src/META-INF/persistence.xml</file>
        </group>
    </open-files>
</project-private>
